# zone directory | tag | result index (position in duration-filtered results)
# Bulk variety set: ~100 tracks across all music zones.
music/epic/epic	epic	1
music/epic/epic	epic	2
music/epic/epic	epic	3
music/epic/soaring	uplifting	1
music/epic/soaring	uplifting	2
music/epic/soaring	uplifting	3
music/epic/soaring	uplifting	4
music/tense/thrilling	suspense	1
music/tense/thrilling	suspense	2
music/tense/thrilling	adventure	1
music/tense/thrilling	thriller	1
music/tense/thrilling	thriller	2
music/tense/thrilling	thriller	3
music/tense/tense	thriller	4
music/tense/tense	thriller	5
music/tense/tense	thriller	6
music/creepy/creepy	horror	1
music/creepy/creepy	horror	2
music/creepy/creepy	horror	3
music/creepy/creepy	dark	1
music/creepy/creepy	dark	2
music/creepy/eerie	dark	3
music/creepy/eerie	dark	4
music/mystic/mystic	magic	1
music/mystic/mystic	magic	2
music/mystic/mystic	magic	3
music/mystic/mystic	world	1
music/mystic/mystic	world	2
music/mystic/spheric	magic	4
music/mystic/spheric	magic	5
music/mystic/spheric	magic	6
music/mystic/spheric	soundtrack	1
music/magical/magical	magic	7
music/magical/magical	magic	8
music/magical/magical	magic	9
music/magical/magical	fairytale	1
music/magical/magical	fairytale	2
music/magical/slight-magic	fairytale	3
music/magical/slight-magic	fairytale	4
music/magical/slight-magic	fairytale	5
music/magical/slight-magic	fairytale	6
music/funny/funny	playful	1
music/funny/funny	playful	2
music/funny/funny	playful	3
music/funny/funny	quirky	1
music/funny/funny	quirky	2
music/funny/noble	orchestral	3
music/funny/noble	orchestral	4
music/funny/noble	orchestral	5
music/happy/calm	acoustic	1
music/happy/calm	acoustic	2
music/happy/calm	acoustic	3
music/happy/vivid-town	medieval	1
music/happy/vivid-town	medieval	2
music/happy/vivid-town	medieval	3
music/neutral	world	3
music/neutral	world	4
music/neutral	world	5
music/neutral	folk	1
music/neutral	folk	2
music/sad/defeat	sad	1
music/sad/defeat	sad	2
music/sad/defeat	sad	3
music/sad/defeat	sad	4
music/sad/tragic	melancholic	1
music/sad/tragic	melancholic	2
music/sad/tragic	melancholic	3
music/sad/tragic	melancholic	4
music/transitions/victory	uplifting	5
music/transitions/victory	uplifting	6
music/transitions/victory	uplifting	7
music/transitions/tragic-fight	epic	4
music/transitions/tragic-fight	epic	5
music/transitions/moody	melancholic	5
music/transitions/moody	melancholic	6
music/transitions/moody	melancholic	7
music/transitions/dread	dark	6
music/transitions/dread	dark	7
music/transitions/dread	dark	8
music/transitions/dread	dark	9
music/transitions/haunted	horror	4
music/transitions/haunted	horror	5
music/transitions/haunted	horror	6
music/transitions/haunted	horror	7
music/transitions/enchanted	fairytale	7
music/transitions/enchanted	fairytale	8
music/transitions/enchanted	fairytale	9
music/transitions/whimsical	quirky	3
music/transitions/whimsical	quirky	4
music/transitions/whimsical	quirky	5
music/transitions/festive	folk	3
music/transitions/festive	folk	4
music/transitions/festive	folk	5
music/battle/epic/epic	epic	6
music/battle/epic/epic	epic	7
music/battle/epic/epic	epic	8
music/battle/creepy/creepy	horror	8
music/battle/creepy/creepy	horror	9
music/battle/tense/tense	thriller	7
music/battle/tense/tense	thriller	8
