# target_path	title	author	license	source_page	download_url
music/neutral/randommind_-_medieval_exploration.mp3	Medieval: Exploration	RandomMind	CC0	https://opengameart.org/content/medieval-exploration	https://opengameart.org/sites/default/files/Exploration_0.mp3
music/neutral/kevin_macleod_-_deliberate_thought.mp3	Deliberate Thought	Kevin MacLeod	CC-BY 4.0	https://incompetech.com/music/royalty-free/music_search.php	https://incompetech.com/music/royalty-free/mp3-royaltyfree/Deliberate%20Thought.mp3
music/happy/calm/aroachifoundonmypillow_-_peaceful_town.mp3	Peaceful Town	ARoachIFoundOnMyPillow	CC0	https://opengameart.org/content/peaceful-town	https://opengameart.org/sites/default/files/peacful_town_0.mp3
music/happy/calm/kevin_macleod_-_village_consort.mp3	Village Consort	Kevin MacLeod	CC-BY 4.0	https://incompetech.com/music/royalty-free/music_search.php	https://incompetech.com/music/royalty-free/mp3-royaltyfree/Village%20Consort.mp3
music/happy/vivid-town/randommind_-_medieval_market_day.mp3	Medieval: Market Day	RandomMind	CC0	https://opengameart.org/content/medieval-market-day	https://opengameart.org/sites/default/files/Market_Day.mp3
music/happy/vivid-town/syncopika_-_medieval_town.ogg	medieval town	syncopika	CC-BY 3.0	https://opengameart.org/content/medieval-town	https://opengameart.org/sites/default/files/022815townbgm_0.ogg
music/happy/vivid-town/woli34_-_medieval_fair_loop.ogg	Medieval fair [Loop]	Woli34	CC0	https://opengameart.org/content/medieval-fair-loop	https://opengameart.org/sites/default/files/Medieval%20fair%20loop.ogg
music/epic/soaring/matthew_pablo_-_beyond_the_clouds.mp3	Beyond The Clouds (Orchestral Theme)	Matthew Pablo	CC-BY 3.0	https://opengameart.org/content/beyond-the-clouds-orchestral-theme	https://opengameart.org/sites/default/files/Beyond%20The%20Clouds%20%28Theme%20for%20Modern%20Broadcast%29_0.mp3
music/epic/soaring/kevin_macleod_-_heroic_age.mp3	Heroic Age	Kevin MacLeod	CC-BY 4.0	https://incompetech.com/music/royalty-free/music_search.php	https://incompetech.com/music/royalty-free/mp3-royaltyfree/Heroic%20Age.mp3
music/epic/epic/cynicmusic_-_battle_theme_a.mp3	Battle Theme A	cynicmusic	CC0	https://opengameart.org/content/battle-theme-a	https://opengameart.org/sites/default/files/battleThemeA.mp3
music/epic/epic/matthew_pablo_-_wasteland_showdown.mp3	Wasteland Showdown [Battle Music]	Matthew Pablo	CC-BY 3.0	https://opengameart.org/content/wasteland-showdown-battle-music	https://opengameart.org/sites/default/files/Wasteland%20Showdown_0.mp3
music/epic/epic/kevin_macleod_-_clash_defiant.mp3	Clash Defiant	Kevin MacLeod	CC-BY 4.0	https://incompetech.com/music/royalty-free/music_search.php	https://incompetech.com/music/royalty-free/mp3-royaltyfree/Clash%20Defiant.mp3
music/sad/defeat/randommind_-_medieval_defeat_theme.mp3	Medieval: Defeat Theme	RandomMind	CC0	https://opengameart.org/content/medieval-defeat-theme	https://opengameart.org/sites/default/files/defeat_0.mp3
music/sad/defeat/kevin_macleod_-_anguish.mp3	Anguish	Kevin MacLeod	CC-BY 4.0	https://incompetech.com/music/royalty-free/music_search.php	https://incompetech.com/music/royalty-free/mp3-royaltyfree/Anguish.mp3
music/sad/tragic/randommind_-_lament_for_a_warriors_soul.mp3	Fantasy: Lament for a Warrior's Soul	RandomMind	CC0	https://opengameart.org/content/fantasy-lament-for-a-warriors-soul	https://opengameart.org/sites/default/files/Lament_for_a_Warriors_Soul.mp3
music/sad/tragic/kevin_macleod_-_wounded.mp3	Wounded	Kevin MacLeod	CC-BY 4.0	https://incompetech.com/music/royalty-free/music_search.php	https://incompetech.com/music/royalty-free/mp3-royaltyfree/Wounded.mp3
music/tense/thrilling/kevin_macleod_-_hidden_agenda.mp3	Hidden Agenda	Kevin MacLeod	CC-BY 4.0	https://incompetech.com/music/royalty-free/music_search.php	https://incompetech.com/music/royalty-free/mp3-royaltyfree/Hidden%20Agenda.mp3
music/tense/thrilling/kevin_macleod_-_prelude_and_action.mp3	Prelude and Action	Kevin MacLeod	CC-BY 4.0	https://incompetech.com/music/royalty-free/music_search.php	https://incompetech.com/music/royalty-free/mp3-royaltyfree/Prelude%20and%20Action.mp3
music/tense/tense/telaron_-_a_regular_battle.mp3	A Regular Battle	Telaron	CC-BY 3.0	https://opengameart.org/content/a-regular-battle	https://opengameart.org/sites/default/files/regular%20battle.mp3
music/tense/tense/kevin_macleod_-_danger_storm.mp3	Danger Storm	Kevin MacLeod	CC-BY 4.0	https://incompetech.com/music/royalty-free/music_search.php	https://incompetech.com/music/royalty-free/mp3-royaltyfree/Danger%20Storm.mp3
music/creepy/eerie/mouthlessgames_-_timebender.ogg	Timebender (Creepy Ambient Space)	MouthlessGames	CC-BY 3.0	https://opengameart.org/content/timebender-creepy-ambient-space	https://opengameart.org/sites/default/files/Timebender_2.ogg
music/creepy/eerie/kevin_macleod_-_crypto.mp3	Crypto	Kevin MacLeod	CC-BY 4.0	https://incompetech.com/music/royalty-free/music_search.php	https://incompetech.com/music/royalty-free/mp3-royaltyfree/Crypto.mp3
music/creepy/creepy/gundatsch_-_dungeon_of_agony.mp3	Dungeon of Agony	Gundatsch	CC-BY 3.0	https://opengameart.org/content/dungeon-of-agony	https://opengameart.org/sites/default/files/Dungeon%20of%20Agony.mp3
music/creepy/creepy/kevin_macleod_-_ossuary_1_a_beginning.mp3	Ossuary 1 - A Beginning	Kevin MacLeod	CC-BY 4.0	https://incompetech.com/music/royalty-free/music_search.php	https://incompetech.com/music/royalty-free/mp3-royaltyfree/Ossuary%201%20-%20A%20Beginning.mp3
music/mystic/spheric/yannz_-_contemplative_fantasy.mp3	Contemplative Fantasy Vol. 2	YannZ	CC-BY 4.0	https://opengameart.org/content/contemplative-fantasy-vol-2	https://opengameart.org/sites/default/files/asami_main_loop_a.mp3
music/mystic/spheric/kevin_macleod_-_meditation_impromptu_01.mp3	Meditation Impromptu 01	Kevin MacLeod	CC-BY 4.0	https://incompetech.com/music/royalty-free/music_search.php	https://incompetech.com/music/royalty-free/mp3-royaltyfree/Meditation%20Impromptu%2001.mp3
music/mystic/mystic/hitctrl_-_in_search_of_the_philosophers_stone.ogg	Fantasy Music - In Search of the Philosophers Stone	Hitctrl	CC-BY 3.0	https://opengameart.org/content/fantasy-music-in-search-of-the-philosophers-stone	https://opengameart.org/sites/default/files/in_search_of_the_philosophers_stone.ogg
music/mystic/mystic/kevin_macleod_-_floating_cities.mp3	Floating Cities	Kevin MacLeod	CC-BY 4.0	https://incompetech.com/music/royalty-free/music_search.php	https://incompetech.com/music/royalty-free/mp3-royaltyfree/Floating%20Cities.mp3
music/magical/slight-magic/beardalaxy_-_magician_village_loop.ogg	Magician Village Loop	beardalaxy	CC0	https://opengameart.org/content/magician-village-loop	https://opengameart.org/sites/default/files/magician_village_in_game.ogg
music/magical/slight-magic/kevin_macleod_-_enchanted_valley.mp3	Enchanted Valley	Kevin MacLeod	CC-BY 4.0	https://incompetech.com/music/royalty-free/music_search.php	https://incompetech.com/music/royalty-free/mp3-royaltyfree/Enchanted%20Valley.mp3
music/magical/magical/hitctrl_-_alandriels_theme.ogg	Fantasy Music - Alandriel's Theme	Hitctrl	CC-BY 3.0	https://opengameart.org/content/fantasy-music-alandriels-theme	https://opengameart.org/sites/default/files/Fantasy%20Music%20-%20Alandriel%27s%20Theme.ogg
music/magical/magical/kevin_macleod_-_frost_waltz.mp3	Frost Waltz	Kevin MacLeod	CC-BY 4.0	https://incompetech.com/music/royalty-free/music_search.php	https://incompetech.com/music/royalty-free/mp3-royaltyfree/Frost%20Waltz.mp3
music/funny/noble/randommind_-_medieval_kings_feast.mp3	Medieval: King's Feast	RandomMind	CC0	https://opengameart.org/content/medieval-kings-feast	https://opengameart.org/sites/default/files/Kings_Feast_0.mp3
music/funny/noble/marcelofg55_-_medieval_rondo.ogg	Medieval Rondo	marcelofg55	CC-BY 3.0	https://opengameart.org/content/medieval-rondo	https://opengameart.org/sites/default/files/Medieval%20Rondo.ogg
music/funny/funny/snabisch_-_the_rowdy_tavern.mp3	The Rowdy Tavern	Snabisch	CC-BY 3.0	https://opengameart.org/content/the-rowdy-tavern	https://opengameart.org/sites/default/files/The%20Rowdy%20Tavern.mp3
music/funny/funny/randommind_-_medieval_minstrel_dance.mp3	Medieval: Minstrel Dance	RandomMind	CC0	https://opengameart.org/content/medieval-minstrel-dance	https://opengameart.org/sites/default/files/Minstrel_Dance_0.mp3
music/transitions/victory/mintodog_-_hope.ogg	Hope (Orchestral battle music)	MintoDog	CC0	https://opengameart.org/content/hopeorchestral-battle-music	https://opengameart.org/sites/default/files/hope_orchestral_battle_music_bpm165_0.ogg
music/transitions/victory/kevin_macleod_-_take_the_lead.mp3	Take the Lead	Kevin MacLeod	CC-BY 4.0	https://incompetech.com/music/royalty-free/music_search.php	https://incompetech.com/music/royalty-free/mp3-royaltyfree/Take%20the%20Lead.mp3
music/transitions/tragic-fight/kevin_macleod_-_danse_macabre.mp3	Danse Macabre	Kevin MacLeod	CC-BY 4.0	https://incompetech.com/music/royalty-free/music_search.php	https://incompetech.com/music/royalty-free/mp3-royaltyfree/Danse%20Macabre.mp3
music/transitions/moody/ovemelaa_-_dark_blue.ogg	Ove Melaa - Dark Blue (Orchestral Tune)	OveMelaa	CC-BY 3.0	https://opengameart.org/content/ove-melaa-dark-blue-orchestral-tune	https://opengameart.org/sites/default/files/Ove%20Melaa%20-%20Dark%20Blue_0.ogg
music/transitions/moody/kevin_macleod_-_long_note_two.mp3	Long Note Two	Kevin MacLeod	CC-BY 4.0	https://incompetech.com/music/royalty-free/music_search.php	https://incompetech.com/music/royalty-free/mp3-royaltyfree/Long%20Note%20Two.mp3
music/transitions/dread/paul_wortmann_-_dark_cavern_ambient.ogg	Dark Cavern Ambient	Paul Wortmann	CC0	https://opengameart.org/content/dark-cavern-ambient	https://opengameart.org/sites/default/files/dark_cavern_ambient_001.ogg
music/transitions/dread/kevin_macleod_-_ice_demon.mp3	Ice Demon	Kevin MacLeod	CC-BY 4.0	https://incompetech.com/music/royalty-free/music_search.php	https://incompetech.com/music/royalty-free/mp3-royaltyfree/Ice%20Demon.mp3
music/transitions/haunted/mintodog_-_great_labyrinth.ogg	Great Labyrinth (Orchestral dungeon music)	MintoDog	CC0	https://opengameart.org/content/great-labyrinthorchestral-dungeon-music	https://opengameart.org/sites/default/files/great_labyrinth_bpm160_0.ogg
music/transitions/haunted/kevin_macleod_-_the_path_of_the_goblin_king.mp3	The Path of the Goblin King	Kevin MacLeod	CC-BY 4.0	https://incompetech.com/music/royalty-free/music_search.php	https://incompetech.com/music/royalty-free/mp3-royaltyfree/The%20Path%20of%20the%20Goblin%20King.mp3
music/transitions/enchanted/kevin_macleod_-_fairytale_waltz.mp3	Fairytale Waltz	Kevin MacLeod	CC-BY 4.0	https://incompetech.com/music/royalty-free/music_search.php	https://incompetech.com/music/royalty-free/mp3-royaltyfree/Fairytale%20Waltz.mp3
music/transitions/whimsical/kevin_macleod_-_bumbly_march.mp3	Bumbly March	Kevin MacLeod	CC-BY 4.0	https://incompetech.com/music/royalty-free/music_search.php	https://incompetech.com/music/royalty-free/mp3-royaltyfree/Bumbly%20March.mp3
music/transitions/whimsical/kevin_macleod_-_danse_of_questionable_tuning.mp3	Danse of Questionable Tuning	Kevin MacLeod	CC-BY 4.0	https://incompetech.com/music/royalty-free/music_search.php	https://incompetech.com/music/royalty-free/mp3-royaltyfree/Danse%20of%20Questionable%20Tuning.mp3
music/transitions/festive/randommind_-_medieval_rejoicing.mp3	Medieval: Rejoicing	RandomMind	CC0	https://opengameart.org/content/medieval-rejoicing	https://opengameart.org/sites/default/files/Rejoicing_0.mp3
music/transitions/festive/kevin_macleod_-_sardana.mp3	Sardana	Kevin MacLeod	CC-BY 4.0	https://incompetech.com/music/royalty-free/music_search.php	https://incompetech.com/music/royalty-free/mp3-royaltyfree/Sardana.mp3
music/transitions/festive/kevin_macleod_-_carnivale_intrigue.mp3	Carnivale Intrigue	Kevin MacLeod	CC-BY 4.0	https://incompetech.com/music/royalty-free/music_search.php	https://incompetech.com/music/royalty-free/mp3-royaltyfree/Carnivale%20Intrigue.mp3
music/battle/neutral/kevin_macleod_-_five_armies.mp3	Five Armies	Kevin MacLeod	CC-BY 4.0	https://incompetech.com/music/royalty-free/music_search.php	https://incompetech.com/music/royalty-free/mp3-royaltyfree/Five%20Armies.mp3
music/battle/epic/epic/hitctrl_-_the_battle_of_atheria.ogg	Battle Music - The Battle of Atheria	Hitctrl	CC-BY 3.0	https://opengameart.org/content/battle-music-the-battle-of-atheria	https://opengameart.org/sites/default/files/The%20Battle%20of%20Atheria.ogg
music/battle/creepy/creepy/youre_perfect_studio_-_spooky_dungeon.mp3	Spooky Dungeon	You're Perfect Studio	CC-BY 4.0	https://opengameart.org/content/spooky-dungeon	https://opengameart.org/sites/default/files/Memoraphile%20-%20Spooky%20Dungeon.mp3
music/battle/tense/tense/kevin_macleod_-_volatile_reaction.mp3	Volatile Reaction	Kevin MacLeod	CC-BY 4.0	https://incompetech.com/music/royalty-free/music_search.php	https://incompetech.com/music/royalty-free/mp3-royaltyfree/Volatile%20Reaction.mp3
